-- MySQL dump 10.13  Distrib 5.6.13, for Win32 (x86)
--
-- Host: localhost    Database: uttt
-- ------------------------------------------------------
-- Server version	5.7.21-log

/*!40101 SET @OLD_CHARACTER_SET_CLIENT=@@CHARACTER_SET_CLIENT */;
/*!40101 SET @OLD_CHARACTER_SET_RESULTS=@@CHARACTER_SET_RESULTS */;
/*!40101 SET @OLD_COLLATION_CONNECTION=@@COLLATION_CONNECTION */;
/*!40101 SET NAMES utf8 */;
/*!40103 SET @OLD_TIME_ZONE=@@TIME_ZONE */;
/*!40103 SET TIME_ZONE='+00:00' */;
/*!40014 SET @OLD_UNIQUE_CHECKS=@@UNIQUE_CHECKS, UNIQUE_CHECKS=0 */;
/*!40014 SET @OLD_FOREIGN_KEY_CHECKS=@@FOREIGN_KEY_CHECKS, FOREIGN_KEY_CHECKS=0 */;
/*!40101 SET @OLD_SQL_MODE=@@SQL_MODE, SQL_MODE='NO_AUTO_VALUE_ON_ZERO' */;
/*!40111 SET @OLD_SQL_NOTES=@@SQL_NOTES, SQL_NOTES=0 */;

--
-- Table structure for table `achievement`
--

DROP TABLE IF EXISTS `achievement`;
/*!40101 SET @saved_cs_client     = @@character_set_client */;
/*!40101 SET character_set_client = utf8 */;
CREATE TABLE `achievement` (
  `id` int(11) NOT NULL AUTO_INCREMENT,
  `title` varchar(45) NOT NULL,
  `description` varchar(500) NOT NULL,
  PRIMARY KEY (`id`),
  UNIQUE KEY `title_UNIQUE` (`title`)
) ENGINE=InnoDB AUTO_INCREMENT=9 DEFAULT CHARSET=utf8;
/*!40101 SET character_set_client = @saved_cs_client */;

--
-- Dumping data for table `achievement`
--

LOCK TABLES `achievement` WRITE;
/*!40000 ALTER TABLE `achievement` DISABLE KEYS */;
INSERT INTO `achievement` VALUES (1,'The creator','Create your own room'),(2,'Noob','Lower your rating below 500'),(3,'Big boy','Increase your rating above 1500'),(4,'Legend','Increase your rating above 2000'),(5,'Good start','Win an easy-level bot'),(6,'Artificial intelligence','Win a normal-level bot'),(7,'The human','Win a hard-level bot'),(8,'UTTT Master','Get all the other achievements');
/*!40000 ALTER TABLE `achievement` ENABLE KEYS */;
UNLOCK TABLES;

--
-- Table structure for table `game`
--

DROP TABLE IF EXISTS `game`;
/*!40101 SET @saved_cs_client     = @@character_set_client */;
/*!40101 SET character_set_client = utf8 */;
CREATE TABLE `game` (
  `id` int(11) NOT NULL AUTO_INCREMENT,
  `moves` varchar(5000) NOT NULL,
  `date` datetime NOT NULL,
  `winner` varchar(45) NOT NULL,
  PRIMARY KEY (`id`)
) ENGINE=InnoDB AUTO_INCREMENT=23 DEFAULT CHARSET=utf8;
/*!40101 SET character_set_client = @saved_cs_client */;

--
-- Dumping data for table `game`
--

LOCK TABLES `game` WRITE;
/*!40000 ALTER TABLE `game` DISABLE KEYS */;
INSERT INTO `game` VALUES (1,'qwe','2018-07-09 21:33:17','sdf'),(2,'O1111;X1120;O2010;X1020;O2011;X1121;O2111;X1122;O2211;X1021;O2110;X1022;O2212;X1220;O2012;X1221;O2112;X1222;','2018-07-09 21:51:51','ALEXANDER'),(3,'O1111;X1120;O2011;X1121;O2111;X1122;O2211;X1020;O2010;X1021;O2110;X1022;O2210;X1220;O2012;X1221;O2112;X1222;','2018-07-09 22:11:36','ALEXANDER'),(4,'X1111;O1120;X2011;O1121;X2111;O1122;X2211;O1020;X2010;O1021;X2110;O1022;X2212;O1220;X2012;O1221;X2112;O1222;','2018-07-09 22:13:46','PANIKER'),(5,'X1111;O1120;X2011;O1121;X2111;O1122;X2211;O1220;X2010;O1020;X2012;O1221;X2110;O1021;X2112;O1222;X2210;O1022;','2018-07-09 22:24:27','ALEXANDER'),(6,'X1111;O1120;X2011;O1121;X2111;O1122;X2210;O1020;X2010;O1021;X2110;O1022;X2211;O1220;X2012;O1221;X2112;O1222;','2018-07-09 23:45:10','ALEXANDER'),(7,'X1111;O1120;X2011;O1121;X2111;O1122;X2210;O1020;X2010;O1021;X2110;O1022;X2211;O1220;X2012;O1221;X2112;O1222;','2018-07-09 23:46:17','PANIKER'),(8,'O1111;X1120;O2011;X1121;O2111;X1122;O2211;X1020;O2012;X1220;O2010;X1021;O2110;X1022;O2212;X1221;O2112;X1222;','2018-07-09 23:47:24','ANANASIIYA'),(9,'O1111;X1120;O2011;X1121;O2111;X1122;O2210;X1020;O2012;X1220;O2010;X1021;O2110;X1022;O2211;X1221;O2112;X1222;','2018-07-10 23:37:47','ALEXANDER'),(10,'O1111;X1100;O0011;X1101;O0111;X1102;O0211;X1000;O0010;X1001;O0110;X1002;O0212;X1200;O0012;X1201;O0112;X1202;','2018-07-10 23:41:37','ALEXANDER'),(11,'X1111;O1120;X2011;O1121;X2111;O1122;X2211;O1020;X2012;O1220;X2010;O1021;X2110;O1022;X2210;O1221;X2112;O1222;','2018-07-10 23:49:02','ALEXANDER'),(12,'O1111;X1120;O2011;X1121;O2111;X1122;O2210;X1020;O2010;X1021;O2110;X1022;O2211;X1220;O2012;X1221;O2112;X1222;','2018-07-10 23:49:59','PANIKER'),(13,'X1111;O1120;X2011;O1121;X2110;O1020;X2012;O1220;X2010;O1021;X2111;O1122;X2210;O1022;X2211;O1221;X2112;O1222;','2018-07-10 23:53:27','PANIKER'),(14,'O1100;X0000;O0012;X1201;O0101;X0110;O1010;X1002;O0221;X2112;O1202;X0220;O2001;X0100;O0010;X1012;O1211;X1101;O0102;X0202;O0211;X1111;O1102;X0200;O0011;X1121;O2120;X2002;O0212;X1210;O1020;X2012;O1212;X1221;O2121;X2110;O1021;X2111;O0210;X1022;O2212;X1220;O2020;X2022;O2222;X2200;O0122;X2201;O0112;','2018-07-13 02:25:31','NORMALBOT'),(15,'X1100;O0000;X0012;O1201;X0101;O0110;X1010;O1002;X0221;O2112;X1202;O0220;X2001;O0100;X0002;O0211;X1102;O0210;X1011;O1111;X1101;O0120;X2010;O1012;X1212;O1220;X2002;O0212;X1222;O2220;X2020;O2021;X2120;O2022;X2222;O2221;X2122;O2210;X1020;O2000;X0020;O2011;X1000;','2018-07-13 02:32:15','HARDBOT'),(17,'','2018-07-13 16:24:57','ALEXANDER'),(18,'O1100;X0000;O0001;X0101;O0110;X1002;O0212;X1210;O1011;X1112;O1202;X0202;O0210;X1022;O2201;X0121;O2120;X2001;O0100;X0010;O1012;X1211;O1110;X1000;O0021;X2110;O1021;X2112;O1201;X0120;O2012;X1220;O2022;X2210;O1001;X0122;O2212;X1221;O2111;X1102;O0220;X2002;O0200;X0020;O2020;X2000;O1120;X1200;O2100;X2101;O2102;X2200;O2202;X2211;O2220;X2221;O2222;','2018-07-13 16:39:23','DRAW'),(19,'X1101;O0120;X2001;O0102;X0220;O2012;X1211;O1121;X2100;O0022;X2210;O1022;X2212;O1210;X1001;O0122;X2200;O0021;X2102;O0212;X1220;O2020;X2021;O2101;X0121;O2112;X1201;O0101;X0111;O1112;X1200;O0011;X1122;O2220;X2022;O2211;X1120;O2002;X0222;O2201;X0100;O0000;X2221;O2110;X1021;O2121;X2111;O1100;X2202;O0202;X0201;O0110;X1012;O1221;X2120;O2000;X2011;O1102;X0200;O2222;X1212;O1202;X0211;O1111;X1110;O1011;X0112;O1222;X1010;O1020;X1000;O1002;','2018-07-13 16:56:27','DRAW'),(20,'O1121;X2111;O1101;X0120;O2012;X1211;O1100;X0011;O1122;X2210;O1012;X1220;O2001;X0102;O0220;X2022;O2211;X1111;O1110;X1011;O1112;X1202;O0211;X1102;O0202;X1120;O2011;X0111;O2010;X1002;O1020;X2212;O1010;X1001;O1000;X0000;O0020;X0022;O2200;X2122;O2220;X2201;O2112;X2101;O2121;X2110;O2100;X2120;O2102;X2221;O2202;','2018-07-13 17:10:13','DRAW'),(21,'X1100;O0022;X2220;O2002;X0201;O0112;X1210;O1010;X1012;O1221;X2122;O2211;X1120;O2000;X0021;O2102;X0200;O0000;X0001;O0102;X0202;O1110;X1022;O2221;X2112;O1212;X1220;O2012;X1200;O0011;X1111;O1122;X2201;O0120;X2001;O0121;X2121;O2120;X2021;O2101;X0101;O0122;X2200;O2210;X1002;O2202;X1102;','2018-07-13 17:34:43','PANIKER'),(22,'O1111;X1100;','2018-07-14 14:36:45','WINNER');
/*!40000 ALTER TABLE `game` ENABLE KEYS */;
UNLOCK TABLES;

--
-- Table structure for table `user`
--

DROP TABLE IF EXISTS `user`;
/*!40101 SET @saved_cs_client     = @@character_set_client */;
/*!40101 SET character_set_client = utf8 */;
CREATE TABLE `user` (
  `id` int(11) NOT NULL AUTO_INCREMENT,
  `login` varchar(45) NOT NULL,
  `password` varchar(45) NOT NULL,
  `rank` int(11) DEFAULT '1000',
  PRIMARY KEY (`id`),
  UNIQUE KEY `login_UNIQUE` (`login`)
) ENGINE=InnoDB AUTO_INCREMENT=24 DEFAULT CHARSET=utf8;
/*!40101 SET character_set_client = @saved_cs_client */;

--
-- Dumping data for table `user`
--

LOCK TABLES `user` WRITE;
/*!40000 ALTER TABLE `user` DISABLE KEYS */;
INSERT INTO `user` VALUES (1,'ALEXANDER','228322',2124),(2,'PASHA','228322',1000),(4,'ADMIN','228322',1000),(5,'LOL','228322',1000),(6,'KEK','228f322',1000),(15,'123','123',1000),(16,'1232','123',1000),(17,'PANIKER','228322',1132),(18,'ANANASIIYA','228322',1033),(19,'EASYBOT','228322',975),(20,'NORMALBOT','228322',999),(21,'HARDBOT','228322',1052),(22,'HARDB0T','228322',974),(23,'WINNER','228322',1072);
/*!40000 ALTER TABLE `user` ENABLE KEYS */;
UNLOCK TABLES;

--
-- Table structure for table `user_has_an_achievement`
--

DROP TABLE IF EXISTS `user_has_an_achievement`;
/*!40101 SET @saved_cs_client     = @@character_set_client */;
/*!40101 SET character_set_client = utf8 */;
CREATE TABLE `user_has_an_achievement` (
  `Achievement_id` int(11) NOT NULL,
  `User_id` int(11) NOT NULL,
  PRIMARY KEY (`Achievement_id`,`User_id`),
  KEY `fk_User_has_an_achievement_Achievement_idx` (`Achievement_id`),
  KEY `fk_User_has_an_achievement_User1_idx` (`User_id`),
  CONSTRAINT `fk_User_has_an_achievement_Achievement` FOREIGN KEY (`Achievement_id`) REFERENCES `achievement` (`id`) ON DELETE NO ACTION ON UPDATE NO ACTION,
  CONSTRAINT `fk_User_has_an_achievement_User1` FOREIGN KEY (`User_id`) REFERENCES `user` (`id`) ON DELETE NO ACTION ON UPDATE NO ACTION
) ENGINE=InnoDB DEFAULT CHARSET=utf8;
/*!40101 SET character_set_client = @saved_cs_client */;

--
-- Dumping data for table `user_has_an_achievement`
--

LOCK TABLES `user_has_an_achievement` WRITE;
/*!40000 ALTER TABLE `user_has_an_achievement` DISABLE KEYS */;
INSERT INTO `user_has_an_achievement` VALUES (1,1),(1,2),(1,17),(1,19),(1,21),(1,22),(1,23),(2,1),(3,1),(4,1);
/*!40000 ALTER TABLE `user_has_an_achievement` ENABLE KEYS */;
UNLOCK TABLES;

--
-- Table structure for table `user_played_the_game`
--

DROP TABLE IF EXISTS `user_played_the_game`;
/*!40101 SET @saved_cs_client     = @@character_set_client */;
/*!40101 SET character_set_client = utf8 */;
CREATE TABLE `user_played_the_game` (
  `User_id` int(11) NOT NULL,
  `Game_id` int(11) NOT NULL,
  PRIMARY KEY (`User_id`,`Game_id`),
  KEY `fk_User_played_the_game_User1_idx` (`User_id`),
  KEY `fk_User_played_the_game_Game1_idx` (`Game_id`),
  CONSTRAINT `fk_User_played_the_game_Game1` FOREIGN KEY (`Game_id`) REFERENCES `game` (`id`) ON DELETE NO ACTION ON UPDATE NO ACTION,
  CONSTRAINT `fk_User_played_the_game_User1` FOREIGN KEY (`User_id`) REFERENCES `user` (`id`) ON DELETE NO ACTION ON UPDATE NO ACTION
) ENGINE=InnoDB DEFAULT CHARSET=utf8;
/*!40101 SET character_set_client = @saved_cs_client */;

--
-- Dumping data for table `user_played_the_game`
--

LOCK TABLES `user_played_the_game` WRITE;
/*!40000 ALTER TABLE `user_played_the_game` DISABLE KEYS */;
INSERT INTO `user_played_the_game` VALUES (1,2),(1,3),(1,4),(1,5),(1,6),(1,8),(1,9),(1,10),(1,11),(1,12),(1,13),(1,17),(1,19),(1,20),(1,21),(1,22),(17,2),(17,3),(17,4),(17,5),(17,6),(17,7),(17,9),(17,10),(17,11),(17,12),(17,13),(17,17),(17,19),(17,20),(17,21),(18,7),(18,8),(19,14),(20,14),(20,15),(21,15),(21,18),(22,18),(23,22);
/*!40000 ALTER TABLE `user_played_the_game` ENABLE KEYS */;
UNLOCK TABLES;
/*!40103 SET TIME_ZONE=@OLD_TIME_ZONE */;

/*!40101 SET SQL_MODE=@OLD_SQL_MODE */;
/*!40014 SET FOREIGN_KEY_CHECKS=@OLD_FOREIGN_KEY_CHECKS */;
/*!40014 SET UNIQUE_CHECKS=@OLD_UNIQUE_CHECKS */;
/*!40101 SET CHARACTER_SET_CLIENT=@OLD_CHARACTER_SET_CLIENT */;
/*!40101 SET CHARACTER_SET_RESULTS=@OLD_CHARACTER_SET_RESULTS */;
/*!40101 SET COLLATION_CONNECTION=@OLD_COLLATION_CONNECTION */;
/*!40111 SET SQL_NOTES=@OLD_SQL_NOTES */;

-- Dump completed on 2018-07-15 13:19:50
